Workbook

Sheet Details
B1: Section | D1: Lab Faculty | E1: Lab Day | F1: Lab Time | G1: Lab Room Number | H1: Slack Invitation and buX Enrollment Link | I1: Lab Faculty 1's Initial | J1: Lab Faculty 2's Initial | K1: Faculty Email - 1 | L1: Faculty Email - 2
A2: CSE111-01 | B2: =RIGHT(A2, LEN(A2) - FIND("-", A2)) -> 01 | C2: ANK | D2: AIB,ATY | E2: TUE | F2: 0.45833333 | G2: 09B-08L | H2: https://join.slack.com/t/cse111spring2026/signup | I2: =LEFT(D2, FIND(",", D2) - 1) -> AIB | J2: =RIGHT(D2, LEN(D2) - FIND(",", D2)) -> ATY | K2: {=XLOOKUP(I2, Faculty_Info!$A$1:$A$270, Faculty_Info!$B$1:$B$270)} -> abu.ibrahim@bracu.ac.bd | L2: {=XLOOKUP(J2, Faculty_Info!$A$1:$A$270, Faculty_Info!$B$1:$B$270)} -> ateya.ahmed@bracu.ac.bd | N2: {=SORT(UNIQUE(G2:G17))} -> 09B-08L
A3: CSE111-02 | B3: =RIGHT(A3, LEN(A3) - FIND("-", A3)) -> 02 | C3: TAW | D3: TAW,AOH | E3: WED | F3: 0.58333333 | G3: 12F-32L | I3: =LEFT(D3, FIND(",", D3) - 1) -> TAW | J3: =RIGHT(D3, LEN(D3) - FIND(",", D3)) -> AOH | K3: {=XLOOKUP(I3, Faculty_Info!$A$1:$A$270, Faculty_Info!$B$1:$B$270)} -> tawhid.anwar@bracu.ac.bd | L3: {=XLOOKUP(J3, Faculty_Info!$A$1:$A$270, Faculty_Info!$B$1:$B$270)} -> ext.abu.hasme@bracu.ac.bd | N3: 09B-09L
A4: CSE111-03 | B4: =RIGHT(A4, LEN(A4) - FIND("-", A4)) -> 03 | C4: TAW | D4: CAKM,HBN | E4: WED | F4: 0.58333333 | G4: 12D-27L | I4: =LEFT(D4, FIND(",", D4) - 1) -> CAKM | J4: =RIGHT(D4, LEN(D4) - FIND(",", D4)) -> HBN | K4: {=XLOOKUP(I4, Faculty_Info!$A$1:$A$270, Faculty_Info!$B$1:$B$270)} -> ext.anika.islam@bracu.ac.bd | L4: {=XLOOKUP(J4, Faculty_Info!$A$1:$A$270, Faculty_Info!$B$1:$B$270)} -> ext.hamim.nasim@bracu.ac.bd | N4: 09B-10L
A5: CSE111-04 | B5: =RIGHT(A5, LEN(A5) - FIND("-", A5)) -> 04 | C5: TAW | D5: TAW,RKBM | E5: THU | F5: 0.45833333 | G5: 12F-32L | I5: =LEFT(D5, FIND(",", D5) - 1) -> TAW | J5: =RIGHT(D5, LEN(D5) - FIND(",", D5)) -> RKBM | K5: {=XLOOKUP(I5, Faculty_Info!$A$1:$A$270, Faculty_Info!$B$1:$B$270)} -> tawhid.anwar@bracu.ac.bd | L5: {=XLOOKUP(J5, Faculty_Info!$A$1:$A$270, Faculty_Info!$B$1:$B$270)} -> mohammad.rakibul@bracu.ac.bd | N5: 09B-11L
A6: CSE111-05 | B6: =RIGHT(A6, LEN(A6) - FIND("-", A6)) -> 05 | C6: ADU | D6: HBN,AOH | E6: TUE | F6: 0.33333333 | G6: 09B-09L | I6: =LEFT(D6, FIND(",", D6) - 1) -> HBN | J6: =RIGHT(D6, LEN(D6) - FIND(",", D6)) -> AOH | K6: ateya.ahmed@bracu.ac.bd | L6: {=XLOOKUP(J6, Faculty_Info!$A$1:$A$270, Faculty_Info!$B$1:$B$270)} -> ext.abu.hasme@bracu.ac.bd | N6: 09E-21L
A7: CSE111-06 | B7: =RIGHT(A7, LEN(A7) - FIND("-", A7)) -> 06 | C7: ADU | D7: FGZ,AVB | E7: TUE | F7: 0.45833333 | G7: 09B-09L | I7: =LEFT(D7, FIND(",", D7) - 1) -> FGZ | J7: =RIGHT(D7, LEN(D7) - FIND(",", D7)) -> AVB | K7: {=XLOOKUP(I7, Faculty_Info!$A$1:$A$270, Faculty_Info!$B$1:$B$270)} -> fakhruddin.gazzali@bracu.ac.bd | L7: {=XLOOKUP(J7, Faculty_Info!$A$1:$A$270, Faculty_Info!$B$1:$B$270)} -> avinandan@bracu.ac.bd | N7: 12D-27L
A8: CSE111-07 | B8: =RIGHT(A8, LEN(A8) - FIND("-", A8)) -> 07 | C8: RKBM | D8: AFA,CRHB | E8: WED | F8: 0.58333333 | G8: 09B-11L | I8: =LEFT(D8, FIND(",", D8) - 1) -> AFA | J8: =RIGHT(D8, LEN(D8) - FIND(",", D8)) -> CRHB | K8: ext.anika.islam@bracu.ac.bd | L8: {=XLOOKUP(J8, Faculty_Info!$A$1:$A$270, Faculty_Info!$B$1:$B$270)} -> ext.ruhan.habib@bracu.ac.bd | N8: 12F-32L
A9: CSE111-08 | B9: =RIGHT(A9, LEN(A9) - FIND("-", A9)) -> 08 | C9: KNI | D9: TMD,ADU | E9: WED | F9: 0.45833333 | G9: 09B-11L | I9: =LEFT(D9, FIND(",", D9) - 1) -> TMD | J9: =RIGHT(D9, LEN(D9) - FIND(",", D9)) -> ADU | K9: {=XLOOKUP(I9, Faculty_Info!$A$1:$A$270, Faculty_Info!$B$1:$B$270)} -> tamkin.mahmud@bracu.ac.bd | L9: {=XLOOKUP(J9, Faculty_Info!$A$1:$A$270, Faculty_Info!$B$1:$B$270)} -> ahmed.ruhan@bracu.ac.bd
A10: CSE111-09 | B10: =RIGHT(A10, LEN(A10) - FIND("-", A10)) -> 09 | C10: KNI | D10: ANV,CNFH | E10: TUE | F10: 0.33333333 | G10: 09B-08L | H10: https://bux-home.bracu.ac.bd/courses/course-v1:buX+CSE111+2026_Spring/about | I10: =LEFT(D10, FIND(",", D10) - 1) -> ANV | J10: =RIGHT(D10, LEN(D10) - FIND(",", D10)) -> CNFH | K10: {=XLOOKUP(I10, Faculty_Info!$A$1:$A$270, Faculty_Info!$B$1:$B$270)} -> ext.anonto.shuvo@bracu.ac.bd | L10: {=XLOOKUP(J10, Faculty_Info!$A$1:$A$270, Faculty_Info!$B$1:$B$270)} -> ext.nafis.chowdhury@bracu.ac.bd
A11: CSE111-10 | B11: =RIGHT(A11, LEN(A11) - FIND("-", A11)) -> 10 | C11: AIB | D11: AVB,QUZA | E11: WED | F11: 0.33333333 | G11: 09E-21L | I11: =LEFT(D11, FIND(",", D11) - 1) -> AVB | J11: =RIGHT(D11, LEN(D11) - FIND(",", D11)) -> QUZA | K11: {=XLOOKUP(I11, Faculty_Info!$A$1:$A$270, Faculty_Info!$B$1:$B$270)} -> avinandan@bracu.ac.bd | L11: {=XLOOKUP(J11, Faculty_Info!$A$1:$A$270, Faculty_Info!$B$1:$B$270)} -> quazi.ashikur@bracu.ac.bd
A12: CSE111-11 | B12: =RIGHT(A12, LEN(A12) - FIND("-", A12)) -> 11 | C12: AIB | D12: AVB,FEK | E12: WED | F12: 0.45833333 | G12: 09E-21L | I12: =LEFT(D12, FIND(",", D12) - 1) -> AVB | J12: =RIGHT(D12, LEN(D12) - FIND(",", D12)) -> FEK | K12: {=XLOOKUP(I12, Faculty_Info!$A$1:$A$270, Faculty_Info!$B$1:$B$270)} -> avinandan@bracu.ac.bd | L12: {=XLOOKUP(J12, Faculty_Info!$A$1:$A$270, Faculty_Info!$B$1:$B$270)} -> farden.khan@bracu.ac.bd
A13: CSE111-13 | B13: =RIGHT(A13, LEN(A13) - FIND("-", A13)) -> 13 | C13: RKBM | D13: ATY,CSSA | E13: WED | F13: 0.58333333 | G13: 09E-21L | I13: =LEFT(D13, FIND(",", D13) - 1) -> ATY | J13: =RIGHT(D13, LEN(D13) - FIND(",", D13)) -> CSSA | K13: {=XLOOKUP(I13, Faculty_Info!$A$1:$A$270, Faculty_Info!$B$1:$B$270)} -> ateya.ahmed@bracu.ac.bd | L13: {=XLOOKUP(J13, Faculty_Info!$A$1:$A$270, Faculty_Info!$B$1:$B$270)} -> ext.sadman.alif@bracu.ac.bd
A14: CSE111-14 | B14: =RIGHT(A14, LEN(A14) - FIND("-", A14)) -> 14 | C14: AFA | D14: CNFH,AOH | E14: WED | F14: 0.33333333 | G14: 09B-11L | I14: =LEFT(D14, FIND(",", D14) - 1) -> CNFH | J14: =RIGHT(D14, LEN(D14) - FIND(",", D14)) -> AOH | K14: {=XLOOKUP(I14, Faculty_Info!$A$1:$A$270, Faculty_Info!$B$1:$B$270)} -> ext.nafis.chowdhury@bracu.ac.bd | L14: {=XLOOKUP(J14, Faculty_Info!$A$1:$A$270, Faculty_Info!$B$1:$B$270)} -> ext.abu.hasme@bracu.ac.bd
A15: CSE111-15 | B15: =RIGHT(A15, LEN(A15) - FIND("-", A15)) -> 15 | C15: MAU | D15: AFA,AVB | E15: TUE | F15: 0.33333333 | G15: 09B-10L | I15: =LEFT(D15, FIND(",", D15) - 1) -> AFA | J15: =RIGHT(D15, LEN(D15) - FIND(",", D15)) -> AVB | K15: {=XLOOKUP(I15, Faculty_Info!$A$1:$A$270, Faculty_Info!$B$1:$B$270)} -> afroza.akther@bracu.ac.bd | L15: {=XLOOKUP(J15, Faculty_Info!$A$1:$A$270, Faculty_Info!$B$1:$B$270)} -> avinandan@bracu.ac.bd
A16: CSE111-16 | B16: =RIGHT(A16, LEN(A16) - FIND("-", A16)) -> 16 | C16: MAU | D16: ANK,AFA | E16: TUE | F16: 0.45833333 | G16: 09B-10L | I16: =LEFT(D16, FIND(",", D16) - 1) -> ANK | J16: =RIGHT(D16, LEN(D16) - FIND(",", D16)) -> AFA | K16: {=XLOOKUP(I16, Faculty_Info!$A$1:$A$270, Faculty_Info!$B$1:$B$270)} -> abdullah.alnakib@bracu.ac.bd | L16: {=XLOOKUP(J16, Faculty_Info!$A$1:$A$270, Faculty_Info!$B$1:$B$270)} -> afroza.akther@bracu.ac.bd
A17: CSE111-17 | B17: =RIGHT(A17, LEN(A17) - FIND("-", A17)) -> 17 | C17: QUZA | D17: KNI,YND | E17: TUE | F17: 0.58333333 | G17: 09B-08L | I17: =LEFT(D17, FIND(",", D17) - 1) -> KNI | J17: =RIGHT(D17, LEN(D17) - FIND(",", D17)) -> YND | K17: {=XLOOKUP(I17, Faculty_Info!$A$1:$A$270, Faculty_Info!$B$1:$B$270)} -> nazia.iqbal@bracu.ac.bd | L17: {=XLOOKUP(J17, Faculty_Info!$A$1:$A$270, Faculty_Info!$B$1:$B$270)} -> yasmin.nadia@bracu.ac.bd

Sheet Lab Faculty Email
A1: abu.ibrahim@bracu.ac.bd
A2: tawhid.anwar@bracu.ac.bd
A3: ext.anika.islam@bracu.ac.bd | D3: {=UNIQUE(A1:A84)} -> abu.ibrahim@bracu.ac.bd
A4: tawhid.anwar@bracu.ac.bd | D4: tawhid.anwar@bracu.ac.bd
A5: ateya.ahmed@bracu.ac.bd | D5: ext.anika.islam@bracu.ac.bd
A6: fakhruddin.gazzali@bracu.ac.bd | D6: ateya.ahmed@bracu.ac.bd
A7: ext.anika.islam@bracu.ac.bd | D7: fakhruddin.gazzali@bracu.ac.bd
A8: tamkin.mahmud@bracu.ac.bd | D8: tamkin.mahmud@bracu.ac.bd
A9: ext.anonto.shuvo@bracu.ac.bd | D9: ext.anonto.shuvo@bracu.ac.bd
A10: avinandan@bracu.ac.bd | D10: avinandan@bracu.ac.bd
A11: avinandan@bracu.ac.bd | D11: ext.nafis.chowdhury@bracu.ac.bd
A12: ateya.ahmed@bracu.ac.bd | D12: afroza.akther@bracu.ac.bd
A13: ext.nafis.chowdhury@bracu.ac.bd | D13: abdullah.alnakib@bracu.ac.bd
A14: afroza.akther@bracu.ac.bd | D14: nazia.iqbal@bracu.ac.bd
A15: abdullah.alnakib@bracu.ac.bd | D15: ext.abu.hasme@bracu.ac.bd
... A23: ext.ruhan.habib@bracu.ac.bd | D23: yasmin.nadia@bracu.ac.bd
A24: ahmed.ruhan@bracu.ac.bd
A25: ext.nafis.chowdhury@bracu.ac.bd
A26: quazi.ashikur@bracu.ac.bd
A27: farden.khan@bracu.ac.bd
A28: ext.sadman.alif@bracu.ac.bd
A29: ext.abu.hasme@bracu.ac.bd
A30: avinandan@bracu.ac.bd
A31: afroza.akther@bracu.ac.bd | F31: =IFERROR(__xludf.DUMMYFUNCTION("join("","",D3:D31)"),"abu.ibrahim@bracu.ac.bd,tawhid.anwar@bracu.ac.bd,ext.anika.islam@bracu.ac.bd,ateya.ahmed@bracu.ac.bd,fakhruddin.gazzali@bracu.ac.bd,tamkin.mahmud@bracu.ac.bd,ext.anonto.shuvo@bracu.ac.bd,avinandan@bracu.ac.bd,ext.nafis.chowdhury@bracu.ac.bd,afroza.akther@"&"bracu.ac.bd,abdullah.alnakib@bracu.ac.bd,nazia.iqbal@bracu.ac.bd,ext.abu.hasme@bracu.ac.bd,ext.hamim.nasim@bracu.ac.bd,mohammad.rakibul@bracu.ac.bd,ext.ruhan.habib@bracu.ac.bd,ahmed.ruhan@bracu.ac.bd,quazi.ashikur@bracu.ac.bd,farden.khan@bracu.ac.bd,ext.s"&"adman.alif@bracu.ac.bd,yasmin.nadia@bracu.ac.bd,,,,,,,,") -> abu.ibrahim@bracu.ac.bd,tawhid.anwar@bracu.ac.bd,ext.anika.islam@bracu.ac.bd,ateya.ahmed@bracu.ac.bd,fakhruddin.gazzali@bracu.ac.bd,tamkin.mahmud@bracu.ac.bd,ext.anonto.shuvo@bracu.ac.bd,avinandan@bracu.ac.bd,ext.nafis.chowdhury@bracu.ac.bd,afroza.akther@bracu.ac.bd,abdullah.alnakib@bracu.ac.bd,nazia.iqbal@bracu.ac.bd,ext.abu.hasme@bracu.ac.bd,ext.hamim.nasim@bracu.ac.bd,mohammad.rakibul@bracu.ac.bd,ext.ruhan.habib@bracu.ac.bd,ahmed.ruhan@bracu.ac.bd,quazi.ashikur@bracu.ac.bd,farden.khan@bracu.ac.bd,ext.sadman.alif@bracu.ac.bd,yasmin.nadia@bracu.ac.bd,,,,,,,,
A32: yasmin.nadia@bracu.ac.bd

Sheet Copy of details
A1: Section | B1: Lab Faculty | C1: Lab Day | D1: Lab Time | E1: Lab Room Number | F1: Slack Invitation Link (Theory+Lab) | G1: Lab Faculty 1's Initial | H1: Lab Faculty 2's Initial | I1: Faculty Email - 1 | J1: Faculty Email - 2
A2: 01 | B2: AIB,ATY | C2: TUE | D2: 0.45833333 | E2: 09B-08L | F2: https://join.slack.com/t/cse111spring2026/signup | G2: AIB | H2: ATY | I2: abu.ibrahim@bracu.ac.bd | J2: ateya.ahmed@bracu.ac.bd
A3: 02 | B3: TAW,AOH | C3: WED | D3: 0.58333333 | E3: 12F-32L | G3: TAW | H3: AOH | I3: tawhid.anwar@bracu.ac.bd | J3: ext.abu.hasme@bracu.ac.bd
A4: 03 | B4: CAKM,HBN | C4: WED | D4: 0.58333333 | E4: 12D-27L | G4: CAKM | H4: HBN | I4: ext.anika.islam@bracu.ac.bd | J4: ext.hamim.nasim@bracu.ac.bd
A5: 04 | B5: TAW,RKBM | C5: THU | D5: 0.45833333 | E5: 12F-32L | G5: TAW | H5: RKBM | I5: tawhid.anwar@bracu.ac.bd | J5: mohammad.rakibul@bracu.ac.bd
A6: 05 | B6: HBN,AOH | C6: TUE | D6: 0.33333333 | E6: 09B-09L | G6: HBN | H6: AOH | I6: ateya.ahmed@bracu.ac.bd | J6: ext.abu.hasme@bracu.ac.bd
A7: 06 | B7: FGZ,AVB | C7: TUE | D7: 0.45833333 | E7: 09B-09L | G7: FGZ | H7: AVB | I7: fakhruddin.gazzali@bracu.ac.bd | J7: avinandan@bracu.ac.bd
A8: 07 | B8: AFA,CRHB | C8: WED | D8: 0.58333333 | E8: 09B-11L | G8: AFA | H8: CRHB | I8: ext.anika.islam@bracu.ac.bd | J8: ext.ruhan.habib@bracu.ac.bd
A9: 08 | B9: TMD,ADU | C9: WED | D9: 0.45833333 | E9: 09B-11L | G9: TMD | H9: ADU | I9: tamkin.mahmud@bracu.ac.bd | J9: ahmed.ruhan@bracu.ac.bd
A10: 09 | B10: ANV,CNFH | C10: TUE | D10: 0.33333333 | E10: 09B-08L | G10: ANV | H10: CNFH | I10: ext.anonto.shuvo@bracu.ac.bd | J10: ext.nafis.chowdhury@bracu.ac.bd
A11: 10 | B11: AVB,QUZA | C11: WED | D11: 0.33333333 | E11: 09E-21L | G11: AVB | H11: QUZA | I11: avinandan@bracu.ac.bd | J11: quazi.ashikur@bracu.ac.bd
A12: 11 | B12: AVB,FEK | C12: WED | D12: 0.45833333 | E12: 09E-21L | G12: AVB | H12: FEK | I12: avinandan@bracu.ac.bd | J12: farden.khan@bracu.ac.bd
A13: 13 | B13: ATY,CSSA | C13: WED | D13: 0.58333333 | E13: 09E-21L | G13: ATY | H13: CSSA | I13: ateya.ahmed@bracu.ac.bd | J13: ext.sadman.alif@bracu.ac.bd
A14: 14 | B14: CNFH,AOH | C14: WED | D14: 0.33333333 | E14: 09B-11L | G14: CNFH | H14: AOH | I14: ext.nafis.chowdhury@bracu.ac.bd | J14: ext.abu.hasme@bracu.ac.bd
... A17: 17 | B17: KNI,YND | C17: TUE | D17: 0.58333333 | E17: 09B-08L | G17: KNI | H17: YND | I17: nazia.iqbal@bracu.ac.bd | J17: yasmin.nadia@bracu.ac.bd
A35: TUESDAY | B35: WEDNESDAY
A36: =IFERROR(__xludf.DUMMYFUNCTION("FILTER(Details!B:B, Details!E:E = ""TUE"") "),"01") -> 01 | B36: =IFERROR(__xludf.DUMMYFUNCTION("FILTER(Details!B:B, Details!E:E = ""WED"") "),"02") -> 02
A37: =IFERROR(__xludf.DUMMYFUNCTION("""COMPUTED_VALUE"""),"05") -> 05 | B37: =IFERROR(__xludf.DUMMYFUNCTION("""COMPUTED_VALUE"""),"03") -> 03
A38: =IFERROR(__xludf.DUMMYFUNCTION("""COMPUTED_VALUE"""),"06") -> 06 | B38: =IFERROR(__xludf.DUMMYFUNCTION("""COMPUTED_VALUE"""),"07") -> 07
A39: =IFERROR(__xludf.DUMMYFUNCTION("""COMPUTED_VALUE"""),"09") -> 09 | B39: =IFERROR(__xludf.DUMMYFUNCTION("""COMPUTED_VALUE"""),"08") -> 08
A40: =IFERROR(__xludf.DUMMYFUNCTION("""COMPUTED_VALUE"""),"15") -> 15 | B40: =IFERROR(__xludf.DUMMYFUNCTION("""COMPUTED_VALUE"""),"10") -> 10
A41: =IFERROR(__xludf.DUMMYFUNCTION("""COMPUTED_VALUE"""),"16") -> 16 | B41: =IFERROR(__xludf.DUMMYFUNCTION("""COMPUTED_VALUE"""),"11") -> 11
A42: =IFERROR(__xludf.DUMMYFUNCTION("""COMPUTED_VALUE"""),"17") -> 17 | B42: =IFERROR(__xludf.DUMMYFUNCTION("""COMPUTED_VALUE"""),"13") -> 13
B43: =IFERROR(__xludf.DUMMYFUNCTION("""COMPUTED_VALUE"""),"14") -> 14

Sheet Faculty_Info
A1: AAR | B1: annajiat@bracu.ac.bd | C1: Mr. Annajiat Alim Rasel | D1: Senior Lecturer | E1: Full Time | F1: 4G20
A2: ACH | B2: amitabha@bracu.ac.bd | C2: Dr. Amitabha Chakrabarty | D2: Professor | E2: Full Time | F2: 4G25
A3: ADU | B3: ahmed.ruhan@bracu.ac.bd | C3: Mr. Ahmed Mahir Ruhan | D3: Lecturer | E3: Full Time | F3: 4L93
A4: AFA | B4: afroza.akther@bracu.ac.bd | C4: Afroza Akhter | D4: Lecturer | E4: Full Time | F4: 4K79
A5: AFQ | B5: ashfaqul.haque@bracu.ac.bd | C5: Mohammed Ashfaqul Haque | D5: Lecturer | E5: Full Time | F5: 4N137
A6: AIB | B6: abu.ibrahim@bracu.ac.bd | C6: Mr. Md. Abu Ibrahim | D6: Lecturer | E6: Full Time | F6: 4J59
A7: AJA | B7: abid.jahan@bracu.ac.bd | C7: Mr. Abid Jahan Apon | D7: Lecturer | E7: Full Time | F7: 4M116
A8: AKJ | B8: anjum.akib@bracu.ac.bd | C8: Akib Anjum | D8: Lecturer | E8: Full Time | F8: 4N161
A9: AKTD | B9: akhtaruzzaman.adnan@bracu.ac.bd | C9: Md. Akhtaruzaman Adnan | D9: Senior Lecturer | E9: Full Time | F9: 4G16
A10: ALB | B10: anindita.labonno@bracu.ac.bd | C10: Anindita Labonno | D10: Lecturer | E10: Full Time | F10: 4L88
A11: AMK | B11: abu.khan@bracu.ac.bd | C11: Dr. Abu Mohammad Khan | D11: Associate Professor | E11: Full Time | F11: 4G26
A12: ANK | B12: abdullah.alnakib@bracu.ac.bd | C12: Mr. Abdullah Al Nakib | D12: Lecturer | E12: Full Time | F12: 4J58
... A233: ZIZE | B233: ext.zahin.ikbal@bracu.ac.bd | C233: Zahin Iqbal Zeal | D233: C. Lecturer | E233: Contractual | F233: 4P

Sheet Day-wise
A1: Tuesday
A2: 01 | B2: AIB,ATY | C2: TUE | D2: 0.45833333
A3: 05 | B3: HBN,AOH | C3: TUE | D3: 0.33333333
A4: 06 | B4: FGZ,AVB | C4: TUE | D4: 0.45833333
A5: 09 | B5: ANV,CNFH | C5: TUE | D5: 0.33333333
A6: 15 | B6: AFA,AVB | C6: TUE | D6: 0.33333333
A7: 16 | B7: ANK,AFA | C7: TUE | D7: 0.45833333
A8: 17 | B8: KNI,YND | C8: TUE | D8: 0.58333333
A14: Wednesday
A15: 02 | B15: TAW,AOH | C15: WED | D15: 0.58333333
A16: 03 | B16: CAKM,HBN | C16: WED | D16: 0.58333333
A17: 07 | B17: AFA,CRHB | C17: WED | D17: 0.58333333
A18: 08 | B18: TMD,ADU | C18: WED | D18: 0.45833333
A19: 10 | B19: AVB,QUZA | C19: WED | D19: 0.33333333
A20: 11 | B20: AVB,FEK | C20: WED | D20: 0.45833333
A21: 13 | B21: ATY,CSSA | C21: WED | D21: 0.58333333
A22: 14 | B22: CNFH,AOH | C22: WED | D22: 0.33333333
F28: Mr. Avinandan Banerjee Afroza Akhter Mr. Md. Tawhid Anwar Mr. Ahmed Mahir Ruhan Abu Obaida Hasme Mr. Abdullah Al Nakib Mr. Md. Tawhid Anwar Mohammad Rakibul Hasan Mahin Mr. Md. Fakhruddin Gazzali Mr. Md. Abu Ibrahim Ateya Ahmed Subarna Abu Obaida Hasme Mr. Prantik Paul Atanu Roy Ms. Khondoker Nazia Iqbal Mr. Abdullah Al Nakib Mr. Tamkin Mahmud Tan Mr. Ahmed Mahir Ruhan Yasmin Nadia Sheikh Samiul Kadir Ateya Ahmed Subarna Quazi Ashikur Rahman Farden Ehsan Khan Mr. Rubayat Ahmed Khan Md. Anonto Shuvo MD ASIF Maazin Munawar Mashiyat Mahjabin Prapty Mr. Tamkin Mahmud Tan Mr. Md. Sabbir Ahmed Mr. Prantik Paul Mehedi Hasan Emo Quazi Ashikur Rahman Mehedi Hasan Emo Shihab Muhtasim Md. Imtiaj Hossain Ateya Ahmed Subarna Nusrat Zaman Raya Nusrat Zaman Raya Mr. Rubayat Ahmed Khan Mr. Avinandan Banerjee Shihab Muhtasim Anika Tasnim Atanu Roy Mohammad Rakibul Hasan Mahin Ahmed Mayeesha Reza Agomoni Shihab Muhtasim Marshia Nujhat Mr. Ahmed Mahir Ruhan Ahmed Mayeesha Reza Agomoni | G28: avinandan@bracu.ac.bd, afroza.akther@bracu.ac.bd, tawhid.anwar@bracu.ac.bd, ahmed.ruhan@bracu.ac.bd, ext.abu.hasme@bracu.ac.bd, abdullah.alnakib@bracu.ac.bd, tawhid.anwar@bracu.ac.bd, mohammad.rakibul@bracu.ac.bd, fakhruddin.gazzali@bracu.ac.bd, abu.ibrahim@bracu.ac.bd, ateya.ahmed@bracu.ac.bd, ext.abu.hasme@bracu.ac.bd, prantik.paul@bracu.ac.bd, ext.atanu.roy@bracu.ac.bd, nazia.iqbal@bracu.ac.bd, abdullah.alnakib@bracu.ac.bd, tamkin.mahmud@bracu.ac.bd, ahmed.ruhan@bracu.ac.bd, ext.yasmin.nadia@bracu.ac.bd, ext.samiul.kadir@bracu.ac.bd, ateya.ahmed@bracu.ac.bd, quazi.ashikur@bracu.ac.bd, farden.khan@bracu.ac.bd, rubayat.ahmed@bracu.ac.bd, ext.anonto.shuvo@bracu.ac.bd, ext.md.asif@bracu.ac.bd, ext.maazin.munawar@bracu.ac.bd, ext.mashiyat.prapty@bracu.ac.bd, tamkin.mahmud@bracu.ac.bd, sabbir.ahmed@bracu.ac.bd, prantik.paul@bracu.ac.bd, mehedi.emo@bracu.ac.bd, quazi.ashikur@bracu.ac.bd, mehedi.emo@bracu.ac.bd, shihabmuhtasim.cs@gmail.com, ext.imtiaj.hossain@bracu.ac.bd, ateya.ahmed@bracu.ac.bd, nusratzamanraya@gmail.com, nusratzamanraya@gmail.com, rubayat.ahmed@bracu.ac.bd, avinandan@bracu.ac.bd, shihabmuhtasim.cs@gmail.com, ext.anika.tasnim@bracu.ac.bd, ext.atanu.roy@bracu.ac.bd, mohammad.rakibul@bracu.ac.bd, ext.ahmed.mayeesha@bracu.ac.bd, shihabmuhtasim.cs@gmail.com, marshia.nujhat@bracu.ac.bd, ahmed.ruhan@bracu.ac.bd, ext.ahmed.mayeesha@bracu.ac.bd
